{
  "main": {
    "id": "5f40d8ab022a21f7",
    "type": "split",
    "children": [
      {
        "id": "30ca9303783b6933",
        "type": "tabs",
        "children": [
          {
            "id": "91aa19cb62a1e506",
            "type": "leaf",
            "state": {
              "type": "markdown",
              "state": {
                "file": "CODEX HERE IS THE GUIDE.md",
                "mode": "source",
                "source": false
              },
              "icon": "lucide-file",
              "title": "CODEX HERE IS THE GUIDE"
            }
          },
          {
            "id": "cdce35b134d84ab3",
            "type": "leaf",
            "state": {
              "type": "image",
              "state": {
                "file": "Pasted image 20251004144341.png"
              },
              "icon": "lucide-image",
              "title": "Pasted image 20251004144341"
            }
          }
        ]
      }
    ],
    "direction": "vertical"
  },
  "left": {
    "id": "1007e014d8a961cb",
    "type": "split",
    "children": [
      {
        "id": "a5faa1d327b99fe8",
        "type": "tabs",
        "children": [
          {
            "id": "5872c2183b61e8e9",
            "type": "leaf",
            "state": {
              "type": "file-explorer",
              "state": {
                "sortOrder": "alphabetical",
                "autoReveal": true
              },
              "icon": "lucide-folder-closed",
              "title": "Explorador de archivos"
            }
          },
          {
            "id": "4b2812bdfc988cdc",
            "type": "leaf",
            "state": {
              "type": "search",
              "state": {
                "query": "",
                "matchingCase": false,
                "explainSearch": false,
                "collapseAll": false,
                "extraContext": false,
                "sortOrder": "alphabetical"
              },
              "icon": "lucide-search",
              "title": "Buscar"
            }
          },
          {
            "id": "4b8b41aecdf995b4",
            "type": "leaf",
            "state": {
              "type": "bookmarks",
              "state": {},
              "icon": "lucide-bookmark",
              "title": "Marcadores"
            }
          }
        ]
      }
    ],
    "direction": "horizontal",
    "width": 300
  },
  "right": {
    "id": "ca603907244e23a1",
    "type": "split",
    "children": [
      {
        "id": "a74c9d2f24815241",
        "type": "tabs",
        "children": [
          {
            "id": "9ead58146ee94a35",
            "type": "leaf",
            "state": {
              "type": "backlink",
              "state": {
                "file": "Sin título.md",
                "collapseAll": false,
                "extraContext": false,
                "sortOrder": "alphabetical",
                "showSearch": false,
                "searchQuery": "",
                "backlinkCollapsed": false,
                "unlinkedCollapsed": true
              },
              "icon": "links-coming-in",
              "title": "Enlaces entrantes de Sin título"
            }
          },
          {
            "id": "e14dc3019f417051",
            "type": "leaf",
            "state": {
              "type": "outgoing-link",
              "state": {
                "file": "Sin título.md",
                "linksCollapsed": false,
                "unlinkedCollapsed": true
              },
              "icon": "links-going-out",
              "title": "Enlaces salientes de Sin título"
            }
          },
          {
            "id": "78aa20968581f462",
            "type": "leaf",
            "state": {
              "type": "tag",
              "state": {
                "sortOrder": "frequency",
                "useHierarchy": true,
                "showSearch": false,
                "searchQuery": ""
              },
              "icon": "lucide-tags",
              "title": "Etiquetas"
            }
          },
          {
            "id": "7daa945acc49b5d1",
            "type": "leaf",
            "state": {
              "type": "outline",
              "state": {
                "file": "Sin título.md",
                "followCursor": false,
                "showSearch": false,
                "searchQuery": ""
              },
              "icon": "lucide-list",
              "title": "Esquema de Sin título"
            }
          }
        ]
      }
    ],
    "direction": "horizontal",
    "width": 300,
    "collapsed": true
  },
  "left-ribbon": {
    "hiddenItems": {
      "switcher:Abrir selector rápido": false,
      "graph:Abrir vista gráfica": false,
      "canvas:Crear nuevo lienzo": false,
      "daily-notes:Abrir la nota de hoy": false,
      "templates:Insertar plantilla": false,
      "command-palette:Abrir paleta de comandos": false,
      "bases:Crear nueva base": false
    }
  },
  "active": "5872c2183b61e8e9",
  "lastOpenFiles": [
    "Bienvenido.md",
    "CODEX HERE IS THE GUIDE.md",
    "Pasted image 20251006185640.png",
    "Pasted image 20251006185012.png",
    "{CFF4943C-6C3C-4487-818F-56098BEB7DAE}.png",
    "Pasted image 20251004190305.png",
    "Pasted image 20251004184359.png",
    "Pasted image 20251004181448.png",
    "{BB4C3D98-A3A9-47D5-A92B-7B511137B1FC}.png",
    "5+-+STM32F103+Blue+Pill+board+connect+to+Mini+ST-LINK-V2-1574423987.png",
    "Pasted image 20251004170859.png",
    "Pasted image 20251004170636.png",
    "Sin nombre"
  ]
}